/* RECIPES */
INSERT INTO recipe (name, description, steps, ingredients, duration, level) VALUES
('Salada de Quinoa',
 'Uma salada refrescante e saudável feita com quinoa, legumes frescos e um toque de limão.',
 'Cozinhe a quinoa de acordo com as instruções da embalagem. 2. Corte os legumes em cubos pequenos. 3. Misture a quinoa cozida com os legumes. 4. Tempere com suco de limão, sal e pimenta a gosto. 5. Sirva fria ou em temperatura ambiente.',
 'Quinoa, tomate, pepino, pimentão, cebola roxa, limão, azeite, sal, pimenta',
 20,
 1);

INSERT INTO recipe (name, description, steps, ingredients, duration, level) VALUES
('Sopa de Abóbora e Gengibre',
 'Uma sopa cremosa e reconfortante feita com abóbora e um toque de gengibre.',
 'Refogue a cebola e o alho até ficarem dourados. 2. Adicione a abóbora em cubos e o gengibre ralado. 3. Cubra com água ou caldo de legumes e cozinhe até a abóbora ficar macia. 4. Bata no liquidificador até obter um creme homogêneo. 5. Tempere com sal e pimenta a gosto.',
 'Abóbora, gengibre, cebola, alho, caldo de legumes, sal, pimenta',
 30,
 1);

INSERT INTO recipe (name, description, steps, ingredients, duration, level) VALUES
('Wrap de Frango com Abacate',
 'Um wrap saudável e fácil de fazer com frango grelhado, abacate e folhas verdes.',
 'Grelhe o frango até estar completamente cozido. 2. Fatie o abacate e prepare as folhas verdes. 3. Monte o wrap colocando o frango, abacate e folhas verdes em uma tortilla integral. 4. Enrole e corte ao meio antes de servir.',
 'Frango, abacate, folhas verdes, tortilla integral, azeite, sal, pimenta',
 15,
 1);

INSERT INTO recipe (name, description, steps, ingredients, duration, level) VALUES
('Smoothie Verde',
 'Um smoothie refrescante e nutritivo feito com espinafre, banana e leite de amêndoas.',
 'Coloque todos os ingredientes no liquidificador. 2. Bata até obter uma mistura homogênea. 3. Sirva imediatamente.',
 'Espinafre, banana, leite de amêndoas, mel, sementes de chia',
 5,
 1);

INSERT INTO recipe (name, description, steps, ingredients, duration, level) VALUES
('Peixe Assado com Ervas',
 'Um prato saudável e saboroso de peixe assado temperado com ervas frescas.',
 'Tempere o peixe com sal, pimenta e ervas frescas de sua escolha. 2. Coloque o peixe em uma assadeira e regue com azeite. 3. Asse em forno pré-aquecido a 180°C por 20 minutos ou até estar cozido. 4. Sirva com legumes cozidos no vapor.',
 'Peixe branco, ervas frescas, azeite, sal, pimenta, legumes variados',
 25,
 2);

INSERT INTO recipe (name, description, steps, ingredients, duration, level) VALUES
('Bowl de Açaí com Granola',
 'Um bowl energético e nutritivo com açaí, frutas e granola.',
 'No liquidificador, bata o açaí com banana e leite de amêndoas até obter uma mistura cremosa. 2. Despeje a mistura em um bowl e adicione frutas picadas e granola por cima. 3. Sirva imediatamente.',
 'Açaí, banana, leite de amêndoas, frutas variadas, granola',
 10,
 1);

INSERT INTO recipe (name, description, steps, ingredients, duration, level) VALUES
('Salada de Grão-de-Bico',
 'Uma salada rica em proteínas e fibras, feita com grão-de-bico e legumes frescos.',
 'Cozinhe o grão-de-bico até ficar macio. 2. Misture com legumes frescos picados e tempere com azeite, limão, sal e pimenta. 3. Sirva fria.',
 'Grão-de-bico, tomate, pepino, cebola, cenoura, limão, azeite, sal, pimenta',
 15,
 1);

INSERT INTO recipe (name, description, steps, ingredients, duration, level) VALUES
('Tacos de Peixe',
 'Tacos leves e saudáveis recheados com peixe grelhado e vegetais frescos.',
 'Tempere o peixe com sal e pimenta e grelhe até estar completamente cozido. 2. Aqueça as tortillas e recheie com o peixe e os vegetais. 3. Sirva com limão e coentro.',
 'Peixe branco, tortillas de milho, repolho, cenoura, limão, coentro, sal, pimenta',
 20,
 2);

INSERT INTO recipe (name, description, steps, ingredients, duration, level) VALUES
('Omelete de Espinafre e Cogumelos',
 'Uma omelete nutritiva e fácil de fazer com espinafre e cogumelos frescos.',
 'Refogue os cogumelos e o espinafre em uma frigideira. 2. Bata os ovos com sal e pimenta e despeje na frigideira. 3. Cozinhe até os ovos estarem firmes e a omelete dourada. 4. Sirva quente.',
 'Ovos, espinafre, cogumelos, azeite, sal, pimenta',
 10,
 1);

INSERT INTO recipe (name, description, steps, ingredients, duration, level) VALUES
('Ceviche de Peixe',
 'Um prato refrescante e leve feito com peixe cru marinado em suco de limão.',
 'Corte o peixe em cubos pequenos. 2. Tempere com suco de limão, sal e pimenta. 3. Adicione cebola roxa fatiada, coentro e pimentão. 4. Deixe marinar na geladeira por 15 minutos antes de servir.',
 'Peixe branco, limão, cebola roxa, coentro, pimentão, sal, pimenta',
 15,
 2);

INSERT INTO recipe (name, description, steps, ingredients, duration, level) VALUES
('Salada de Quinoa com Legumes',
 'Uma salada nutritiva e colorida, rica em proteínas e fibras.',
 'Cozinhe a quinoa. 0. Pique os legumes (cenoura, pepino, pimentão, tomate). 0. Misture a quinoa cozida com os legumes. 0. Tempere com azeite, limão, sal e pimenta. 0. Sirva fresca.',
 'Quinoa, cenoura, pepino, pimentão, tomate, azeite, limão, sal, pimenta',
 20,
 1);

INSERT INTO recipe (name, description, steps, ingredients, duration, level) VALUES
('Salada de Quinoa com Legumes',
 'Uma salada nutritiva e colorida, rica em proteínas e fibras.',
 'Cozinhe a quinoa. 0. Pique os legumes (cenoura, pepino, pimentão, tomate). 0. Misture a quinoa cozida com os legumes. 0. Tempere com azeite, limão, sal e pimenta. 0. Sirva fresca.',
 'Quinoa, cenoura, pepino, pimentão, tomate, azeite, limão, sal, pimenta',
 20,
 1),

INSERT INTO recipe (name, description, steps, ingredients, duration, level) VALUES
('Panquecas de Aveia com Banana',
 'Panquecas saudáveis e fáceis de fazer, sem farinha de trigo.',
 'Misture a aveia, banana amassada, ovos e canela. 0. Cozinhe pequenas porções em uma frigideira antiaderente. 0. Sirva com mel ou frutas frescas.',
 'Aveia, banana, ovos, canela, mel (opcional), frutas (opcional)',
 15,
 1);

INSERT INTO recipe (name, description, steps, ingredients, duration, level) VALUES
('Bolinho de Grão-de-Bico Assado',
 'Bolinhos saudáveis e crocantes, perfeitos para lanches ou acompanhamentos.',
 'Processe o grão-de-bico cozido com alho, cebola, coentro e especiarias. 0. Forme bolinhas e asse até dourar. 0. Sirva com molho de iogurte.',
 'Grão-de-bico, alho, cebola, coentro, cominho, sal, pimenta, iogurte (opcional)',
 25,
 2);

INSERT INTO recipe (name, description, steps, ingredients, duration, level) VALUES
('Salada de Lentilha com Hortelã',
 'Uma salada fresca e proteica, rica em fibras e sabor.',
 'Cozinhe a lentilha. 0. Misture com cebola roxa, tomate, pepino e hortelã fresca. 0. Tempere com azeite, limão, sal e pimenta. 0. Sirva gelada.',
 'Lentilha, cebola roxa, tomate, pepino, hortelã, azeite, limão, sal, pimenta',
 20,
 1);

INSERT INTO recipe (name, description, steps, ingredients, duration, level) VALUES
('Espaguete de Abobrinha com Molho de Tomate',
 'Uma versão leve e saudável do espaguete tradicional, usando abobrinha em vez de massa.',
 'Corte a abobrinha em tiras finas. 0. Refogue levemente com azeite. 0. Adicione molho de tomate caseiro e sirva.',
 'Abobrinha, tomate, alho, azeite, sal, pimenta, manjericão (opcional)',
 15,
 1);

INSERT INTO recipe (name, description, steps, ingredients, duration, level) VALUES
('Batata Doce Assada com Alecrim',
 'Batatas doces crocantes por fora e macias por dentro, com um toque aromático de alecrim.',
 'Corte a batata-doce em rodelas. 0. Tempere com azeite, sal, pimenta e alecrim. 0. Asse até ficarem douradas e crocantes.',
 'Batata-doce, azeite, alecrim, sal, pimenta',
 35,
 1);

INSERT INTO recipe (name, description, steps, ingredients, duration, level) VALUES
('Cuscuz Marroquino com Frutas Secas',
 'Cuscuz marroquino leve e saboroso, combinado com frutas secas e especiarias.',
 'Prepare o cuscuz conforme as instruções da embalagem. 0. Misture com frutas secas, amêndoas e especiarias. 0. Sirva quente ou frio.',
 'Cuscuz, damasco seco, uvas-passas, amêndoas, canela, azeite',
 10,
 1);

INSERT INTO recipe (name, description, steps, ingredients, duration, level) VALUES
('Hambúrguer de Feijão Preto',
 'Hambúrguer vegetariano delicioso e cheio de sabor, feito com feijão preto.',
 'Amasse o feijão preto cozido com alho, cebola e especiarias. 0. Forme hambúrgueres e grelhe ou asse. 0. Sirva com pão integral e salada.',
 'Feijão preto, alho, cebola, cominho, páprica, pão integral, salada',
 25,
 2);

UPDATE `brotinho`.`recipe` SET `cover` = 'img_recipes/b87265c1-0800-4a11-ac4c-6ed1e8281c6b.jpg' WHERE (`id` = '7');
UPDATE `brotinho`.`recipe` SET `cover` = 'img_recipes/a93d4df9-c39b-4f09-9d65-65c32d7d8298.jpg' WHERE (`id` = '11');
UPDATE `brotinho`.`recipe` SET `cover` = 'img_recipes/7c331bc7-9c31-401a-9e08-4bf1b62c3a3e.jpg' WHERE (`id` = '10');
UPDATE `brotinho`.`recipe` SET `cover` = 'img_recipes/c080af33-34d4-4ada-b2f8-ef5278e406f4.jpg' WHERE (`id` = '6');
UPDATE `brotinho`.`recipe` SET `cover` = 'img_recipes/b0cd7857-3455-4ab7-b976-67ad3b26e68d.jpg' WHERE (`id` = '8');
UPDATE `brotinho`.`recipe` SET `cover` = 'img_recipes/acd6495c-6637-43d8-8999-f619bd86ff13.jpg' WHERE (`id` = '1');
UPDATE `brotinho`.`recipe` SET `cover` = 'img_recipes/acd6495c-6637-43d8-8999-f619bd86ff13.jpg' WHERE (`id` = '2');
UPDATE `brotinho`.`recipe` SET `cover` = 'img_recipes/86fd3935-f9cc-4412-9f78-94f7ef3f8d3c.jpg' WHERE (`id` = '5');
UPDATE `brotinho`.`recipe` SET `cover` = 'img_recipes/dbd4bd91-b201-4903-b6a6-28f4ed660372.jpg' WHERE (`id` = '3');
UPDATE `brotinho`.`recipe` SET `cover` = 'img_recipes/8d2b20c5-87bd-4500-b1f5-9ef8b6fb30f4.jpg' WHERE (`id` = '9');
UPDATE `brotinho`.`recipe` SET `cover` = 'img_recipes/57299e3e-ce25-491d-8c3f-45163e5a9642.jpg' WHERE (`id` = '4');
UPDATE `brotinho`.`recipe` SET `cover` = 'img_recipes/dd13bafb-e08b-4557-b9bb-0337d3d4b0e3.jpg' WHERE (`id` = '12');
UPDATE `brotinho`.`recipe` SET `cover` = 'img_recipes/44c2c67a-b257-4454-aa7c-7efb71e22fd7.jpg' WHERE (`id` = '13');
UPDATE `brotinho`.`recipe` SET `cover` = 'img_recipes/5476ea37-76df-4ea2-93e9-b4e69b376b74.jpg' WHERE (`id` = '14');
UPDATE `brotinho`.`recipe` SET `cover` = 'img_recipes/1afc2b55-7c87-4414-98a8-d53825b2544f.jpg' WHERE (`id` = '15');
UPDATE `brotinho`.`recipe` SET `cover` = 'img_recipes/730295d3-7a13-4059-a095-81c1e42e298e.jpg' WHERE (`id` = '16');
UPDATE `brotinho`.`recipe` SET `cover` = 'img_recipes/da9f5561-79de-41eb-8a25-c69a06741c07.jpg' WHERE (`id` = '17');
UPDATE `brotinho`.`recipe` SET `cover` = 'img_recipes/93292764-c09b-4d9b-ac5a-3cc00507b1b8.jpg' WHERE (`id` = '18');

/* TAGS */

INSERT INTO tag (id, name) VALUES
(1, 'sem lactose'),
(2, 'sem glúten'),
(3, 'sobremesas'),
(4, 'saladas'),
(5, 'veganas'),
(6, 'vegetarianas'),
(7, 'lanches'),
(8, 'bebidas'),
(9, 'sopa'),
(10, 'massa'),
(11, 'carne');

insert into recipe_tag (recipe_id, tag_id) values
(1, 1),
(1, 2),
(1, 4),
(1, 5),
(1, 6);

insert into recipe_tag (recipe_id, tag_id) values
(3, 1),
(3, 2),
(3, 5),
(3, 6),
(3, 9);


insert into recipe_tag (recipe_id, tag_id) values
(4, 1),
(4, 7),
(4, 10),
(4, 11);

insert into recipe_tag (recipe_id, tag_id) values
(5, 1),
(5, 2),
(5, 6),
(5, 8);

insert into recipe_tag (recipe_id, tag_id) values
(6, 1),
(6, 2),
(6, 6),
(6, 11);


insert into recipe_tag (recipe_id, tag_id) values
(7, 1),
(7, 2),
(7, 3),
(7, 5),
(7, 6),
(7, 7);

insert into recipe_tag (recipe_id, tag_id) values
(8, 1),
(8, 2),
(8, 4),
(8, 5),
(8, 6);

insert into recipe_tag (recipe_id, tag_id) values
(9, 1),
(9, 2),
(9, 6),
(9, 7),
(9, 11);

insert into recipe_tag (recipe_id, tag_id) values
(10, 1),
(10, 2),
(10, 6);
 
insert into recipe_tag (recipe_id, tag_id) values
(11, 1),
(11, 2),
(11, 6),
(11, 11);

